"member_no","member_id","member_pw","member_email","member_name","member_tel","member_nickname","member_img","member_gender","member_birthyear","member_manager"
1,hhhj0525,hhis9818,hhj0525@daum.net,황세인,"01055555555",안녕하세인,졸업사진.jpg,F,"2000",
2,hhj0525,hhis9818,sein0000@gmail.com,황세인,"01012341234",세인사잘하시네,졸업사진.jpg,U,"",
3,hhhhj0525,hhis9818,sein0000@naver.com,황세인,"01056785678",황세바리,flowers-gd043a2fc8_640.jpg,F,"2000",
4,hhhj0525@daum.net,,hhhj0525@daum.net,sns로그인회원,sns로그인회원,황세인,http://k.kakaocdn.net/dn/dpk9l1/btqmGhA2lKL/Oz0wDuJn1YV2DIn92f6DVK/img_640x640.jpg,F,,
5,sein0525,hhis9818,hhhj0525@kakao.com,황세인,"01063729818",회원가입테스트,myprofile.png,U,,
6,jiyoon0000,hhis9818,jiyoon0000@naver.com,채지윤,"01000000000",지윤,flower-g21159e5f5_640.jpg,U,"",
7,dasom0000,hhis9818,dasom0000@naver.com,한다솜,"01011111111",다솜,pink-g85220459f_640.jpg,U,"",
8,seungwook0000,hhis9818,seungwook0000@naver.com,조승욱,"01022222222",승욱,tree-g666075c5e_640.jpg,M,"",
9,cheolmin0000,hhis9818,cheolmin0000@naver.com,조철민,"01033333333",철민,flowers1.jpg,M,"",
10,yongwook0000,hhis9818,yongwook0000@naver.com,이용욱,"01044444444",용욱,flowers5.jpg,M,"",
