"bbs_no","bbs_title","bbs_content","bbs_img","community_no","member_no"
21,식물 좋아하는사람끼리 대화해요!,내용이예요~,flowers4.jpg,1,3
22,다육이 키우시는 분?,내용이예요~,flowers3.jpg,1,3
23,좋은 영양제 추천해주세요,내용이예요~,flower.jpg,2,3
25,제 식물 구경하세요,내용이예요~,flowers2.jpg,3,1
26,다육이 자랑 할게요!,내용이예요~,flowers4.jpg,3,3
27,식집사끼리 친목합시다!,내용이예요~,flowers3.jpg,1,1
28,부산사는 식집사~!,내용이예요~,plant.jpg,1,3
31,처음 가입했어요!,내용이예요~,flowers2.jpg,1,5
32,산세베리아 잘키우는 꿀팁 주세요,내용이예요~,flowers3.jpg,1,1
33,나도 이제 식집사!!,내용이예요~,flowers4.jpg,1,3
34,제 토마토 잘자라고 있죠?,내용이예요~,flower.jpg,1,2
35,식집사끼리 친목ㄱㄱ,내용이예요~,flowers1.jpg,1,2
36,꽃 피었어요!!,내용이예요~,flowers3.jpg,1,1
37,안녕하세요 초보식집사예요,내용이예요~,flowers4.jpg,1,5
38,식물 잘키우는 팁 주세요!,내용이예요~,flowers1.jpg,1,2
39,난이도가 쉬운 식물 뭐있을까요?,내용이예요~,plant.jpg,1,2
40,예쁘죠!!,내용이예요~,flowers2.jpg,1,4
45,식물 추천해죠!!,내용이예요~,flowers3.jpg,1,2
46,다들 어떤 식물 키워??,내용이예요~,flowers1.jpg,1,2
47,안녕ㅇ,내용이예요~,flowers4.jpg,1,3
48,ㅎㅇㅎㅇ,내용이예요~,flowers2.jpg,1,1
49,제 식물 진단 해주세요,내용이예요~,flower.jpg,1,3
50,물을 너무 많이 줬나봐.. 어떡해..,내용이예요~,flowers1.jpg,2,2
51,다육이 모르는거 있음 물어봐 ㅇㅇ,내용이예요~,flowers3.jpg,1,4
52,안녕하세용,내용이예요~,flowers4.jpg,1,2
53,안녕안녕,내용이예요~,flowers1.jpg,1,1
54,반가워요,내용이예요~,flowers3.jpg,1,2
55,가입했어요~,내용이예요~,flowers2.jpg,1,5
56,식물 ㅊㅊ해줘!!,하나 더 입양하고 싶은데 뭐 키울지 추천 해줘~,flowers4.jpg,1,3
57,수영구 식집사 모임 만들어요!,수영구 사는 식집사 없나요? 같이 정보교환하고 자랑두 해요!!,flower.jpg,1,4
58,나 이제 뭐키워볼까?!,추천 해줘,flowers1.jpg,1,3
