"diary_no","diary_img","diary_nickname","diary_title","diary_contents","diary_mood","diary_date","member_no","card_no"
142,flowers1.jpg,데이지,야생의 데이지,데이지가 예뻐요~,😁,"2023-06-08 22:18:38",1,
143,flowers1.jpg,데이지,예쁜 데이지,예쁜 데이지,😁,"2023-06-07 22:18:38",1,
144,flowers2.jpg,야생의 벚꽃,벚꽃 예뻐요,벚꽃 예뻐요~!,😔,"2023-06-08 22:21:05",1,
145,flowers4.jpg,야생의 벚꽃,예쁜 벚꽃,얘는 벚꽃인지 모르겠어요~,😭,"2023-06-08 22:21:46",1,
146,flowers2.jpg,벚꽃,벚꽃 예뻐요,벚꽃 예뻐요~!,😔,"2023-06-06 22:21:05",1,
147,flowers4.jpg,벚꽃,예쁜 벚꽃,얘는 벚꽃인지 모르겠어요~,😭,"2023-06-06 22:20:46",1,
148,flowers1.jpg,데이지,야생의 데이지,데이지가 예뻐요~,😁,"2023-06-06 22:18:38",1,
149,flowers1.jpg,데이지,예쁜 데이지,예쁜 데이지,😁,"2023-06-05 22:18:38",1,
150,flowers1.jpg,데이지,예쁜 데이지,예쁜 데이지,😁,"2023-06-04 22:18:38",1,
151,flowers1.jpg,데이지,예쁜 데이지,예쁜 데이지,😁,"2023-06-03 22:18:38",1,
152,flowers1.jpg,데이지,예쁜 데이지,예쁜 데이지,😁,"2023-06-02 22:18:38",1,
153,flowers1.jpg,데이지,예쁜 데이지,예쁜 데이지,😁,"2023-06-01 22:18:38",1,
154,flowers1.jpg,데이지,예쁜 데이지,예쁜 데이지,😁,"2023-06-07 20:18:38",1,
155,flowers1.jpg,데이지,예쁜 데이지,예쁜 데이지,😁,"2023-06-07 21:18:38",1,
156,flowers1.jpg,데이지,예쁜 데이지,예쁜 데이지,😁,"2023-06-07 22:18:38",1,
